,,,,,Totals,,,,,,,,,,,,,,,,Shooting,,,Per Game,,,
Rk,Player,From,To,Yrs,G,MP,FG,FGA,3P,3PA,FT,FTA,ORB,TRB,AST,STL,BLK,TOV,PF,PTS,FG%,3P%,FT%,MP,PTS,TRB,AST
1,Mark Acres\acresma01,1993,1993,1,12,246,24,40,0,0,10,14,24,61,5,3,6,11,32,58,.600,,.714,20.5,4.8,5.1,0.4
2,Michael Adams\adamsmi01,1987,1994,4,281,8934,1295,3155,276,891,879,1031,185,856,1844,426,25,635,536,3745,.410,.310,.853,31.8,13.3,3.0,6.6
3,Mark Alarie\alarima01,1988,1991,4,261,4390,820,1741,32,126,257,317,365,906,289,110,81,253,574,1929,.471,.254,.811,16.8,7.4,3.5,1.1
4,Courtney Alexander\alexaco02,2001,2002,2,83,2235,400,869,19,54,188,226,65,228,127,64,9,114,176,1007,.460,.352,.832,26.9,12.1,2.7,1.5
5,Morris Almond\almonmo01,2012,2012,1,4,67,6,17,1,3,1,3,1,8,2,7,0,1,6,14,.353,.333,.333,16.8,3.5,2.0,0.5
6,Ashraf Amaya\amayaas01,1997,1997,1,31,144,12,40,1,1,15,28,19,52,3,7,3,10,29,40,.300,1.000,.536,4.6,1.3,1.7,0.1
7,Alan Anderson\anderal01,2016,2016,1,13,192,21,59,12,37,11,15,1,27,14,4,1,2,25,65,.356,.324,.733,14.8,5.0,2.1,1.1
8,Ron Anderson\anderro01,1994,1994,1,10,180,20,43,3,14,9,11,8,27,11,3,1,9,7,52,.465,.214,.818,18.0,5.2,2.7,1.1
9,Gilbert Arenas\arenagi01,2004,2011,8,357,14049,2874,6818,868,2430,2314,2860,288,1513,2046,636,96,1239,1161,8930,.422,.357,.809,39.4,25.0,4.2,5.7
10,Trevor Ariza\arizatr01,2013,2014,2,133,4194,577,1304,256,651,227,288,143,741,304,198,40,216,251,1637,.442,.393,.788,31.5,12.3,5.6,2.3
11,Hilton Armstrong\armsthi01,2011,2011,1,41,412,31,64,1,3,14,23,39,114,10,15,16,25,75,77,.484,.333,.609,10.0,1.9,2.8,0.2
12,Chucky Atkins\atkinch01,2006,2006,1,28,552,66,174,33,92,22,31,12,45,69,14,0,30,58,187,.379,.359,.710,19.7,6.7,1.6,2.5
13,Isaac Austin\austiis01,2000,2000,1,59,1173,151,352,1,4,94,137,64,282,74,17,38,107,128,397,.429,.250,.686,19.9,6.7,4.8,1.3
14,Johnny Austin\austijo01,1967,1967,1,4,61,5,22,,,13,16,,7,4,,,,12,23,.227,,.813,15.3,5.8,1.8,1.0
15,Gus Bailey\bailegu01,1980,1980,1,20,180,16,35,1,1,5,13,6,28,26,7,4,11,18,38,.457,1.000,.385,9.0,1.9,1.4,1.3
16,Greg Ballard\ballagr01,1978,1985,8,643,18687,3699,7800,61,199,1247,1584,1201,4094,1542,762,233,935,1463,8706,.474,.307,.787,29.1,13.5,6.4,2.4
17,Jim Barnes\barneji01,1966,1971,2,77,2028,323,756,,,189,279,,699,93,,,,273,835,.427,,.677,26.3,10.8,9.1,1.2
18,John Barnhill\barnhjo01,1967,1969,2,83,1718,263,622,,,105,168,,210,207,,,,143,631,.423,,.625,20.7,7.6,2.5,2.5
19,Earl Barron\barroea01,2013,2013,1,11,122,13,37,0,0,2,5,16,43,3,5,5,10,23,28,.351,,.400,11.1,2.5,3.9,0.3
20,Billy Ray Bates\batesbi01,1983,1983,1,15,277,53,129,2,5,10,20,10,18,14,13,3,12,18,118,.411,.400,.500,18.5,7.9,1.2,0.9
21,Dave Batton\battoda01,1983,1983,1,54,558,85,191,0,3,8,17,45,119,29,15,13,28,56,178,.445,.000,.471,10.3,3.3,2.2,0.5
22,Lonny Baxter\baxtelo01,2004,2004,1,12,132,16,32,0,1,9,12,11,31,5,2,5,5,23,41,.500,.000,.750,11.0,3.4,2.6,0.4
23,Bradley Beal\bealbr01,2013,2019,7,410,13876,2844,6369,876,2222,1121,1414,310,1531,1395,433,135,825,864,7685,.447,.394,.793,33.8,18.7,3.7,3.4
24,Ron Behagen\behagro01,1980,1980,1,6,64,9,23,0,0,5,6,6,14,7,0,4,4,14,23,.391,,.833,10.7,3.8,2.3,1.2
25,Walt Bellamy\bellawa01,1962,1966,5,327,13613,3413,6617,,,2194,3318,,5438,778,,,,1156,9020,.516,,.661,41.6,27.6,16.6,2.4
26,Mike Bibby\bibbymi01,2011,2011,1,2,29,1,9,0,4,0,0,0,3,8,1,0,1,3,2,.111,.000,,14.5,1.0,1.5,4.0
27,Dave Bing\bingda01,1976,1977,2,146,4461,768,1710,,,468,598,148,380,767,179,28,,412,2004,.449,,.783,30.6,13.7,2.6,5.3
28,DeJuan Blair\blairde01,2015,2016,2,58,398,54,125,0,1,9,19,36,113,14,15,3,28,94,117,.432,.000,.474,6.9,2.0,1.9,0.2
29,Steve Blake\blakest01,2004,2005,2,119,2040,218,593,111,295,88,108,36,188,278,70,7,167,147,635,.368,.376,.815,17.1,5.3,1.6,2.3
30,Andray Blatche\blatcan01,2006,2012,7,409,9289,1660,3631,34,143,688,943,762,2217,601,331,366,681,1053,4042,.457,.238,.730,22.7,9.9,5.4,1.5
31,Bojan Bogdanovic\bogdabo02,2017,2017,1,26,601,107,234,45,115,71,76,14,80,21,10,4,38,47,330,.457,.391,.934,23.1,12.7,3.1,0.8
32,Muggsy Bogues\boguemu01,1988,1988,1,79,1628,166,426,3,16,58,74,35,136,404,127,3,101,138,393,.390,.188,.784,20.6,5.0,1.7,5.1
33,Etdrick Bohannon\bohanet01,1999,1999,1,2,4,0,0,0,0,0,0,0,0,0,0,0,0,0,0,,,,2.0,0.0,0.0,0.0
34,Manute Bol\bolma01,1986,1994,4,241,4784,306,674,0,3,113,202,279,1115,48,59,908,161,605,725,.454,.000,.559,19.9,3.0,4.6,0.2
35,George Bon Salle\bonsage01,1962,1962,1,3,9,2,8,,,0,0,,2,0,,,,0,4,.250,,,3.0,1.3,0.7,0.0
36,Trevor Booker\booketr01,2011,2014,4,235,4764,650,1217,1,10,211,342,464,1194,179,150,146,185,479,1512,.534,.100,.617,20.3,6.4,5.1,0.8
37,Calvin Booth\boothca01,2000,2007,4,128,1413,141,327,2,4,54,78,114,339,60,33,133,59,229,338,.431,.500,.692,11.0,2.6,2.6,0.5
38,Lawrence Boston\bostola01,1980,1980,1,13,125,24,52,0,0,8,13,19,39,2,4,2,8,25,56,.462,,.615,9.6,4.3,3.0,0.2
39,Earl Boykins\boykiea01,2010,2010,1,67,1117,172,403,19,60,77,89,17,75,171,24,3,69,48,440,.427,.317,.865,16.7,6.6,1.1,2.6
40,Gary Bradds\braddga01,1965,1966,2,44,350,48,117,,,48,67,,92,20,,,,37,144,.410,,.716,8.0,3.3,2.1,0.5
41,Dudley Bradley\bradldu01,1985,1986,2,143,2074,215,508,37,132,86,135,58,229,280,181,24,128,253,553,.423,.280,.637,14.5,3.9,1.6,2.0
42,Torraye Braggs\braggto01,2004,2004,1,4,22,3,5,0,0,0,0,3,5,1,0,0,1,8,6,.600,,,5.5,1.5,1.3,0.3
43,Dave Britton\brittda01,1981,1981,1,2,9,2,3,0,0,0,0,0,2,3,1,0,2,2,4,.667,,,4.5,2.0,1.0,1.5
44,Damone Brown\brownda02,2005,2005,1,14,152,23,62,4,11,4,9,10,28,14,1,6,15,17,54,.371,.364,.444,10.9,3.9,2.0,1.0
45,Dee Brown\brownde03,2009,2009,1,17,233,17,44,6,20,1,3,7,28,33,10,0,14,22,41,.386,.300,.333,13.7,2.4,1.6,1.9
46,Kwame Brown\brownkw01,2002,2005,4,253,5737,715,1571,1,6,517,779,441,1380,252,157,173,360,520,1948,.455,.167,.664,22.7,7.7,5.5,1.0
47,Lewis Brown\brownle02,1981,1981,1,2,5,0,3,0,0,2,5,1,2,0,0,0,1,2,2,.000,,.400,2.5,1.0,1.0,0.0
48,Troy Brown\browntr01,2019,2019,1,1,7,1,3,0,0,2,2,0,1,0,1,0,0,1,4,.333,,1.000,7.0,4.0,1.0,0.0
49,Thomas Bryant\bryanth01,2019,2019,1,1,9,1,5,0,2,4,4,2,4,0,0,0,0,0,6,.200,.000,1.000,9.0,6.0,4.0,0.0
50,Trey Burke\burketr01,2017,2017,1,57,703,116,255,31,70,22,29,7,47,100,11,5,48,54,285,.455,.443,.759,12.3,5.0,0.8,1.8
51,Steve Burtt\burttst01,1993,1993,1,4,35,10,26,1,3,8,10,2,3,6,2,0,4,5,29,.385,.333,.800,8.8,7.3,0.8,1.5
52,Al Butler\butleal01,1965,1965,1,25,172,24,73,,,11,15,,21,12,,,,25,59,.329,,.733,6.9,2.4,0.8,0.5
53,Caron Butler\butleca01,2006,2010,5,310,11934,2168,4783,215,682,1338,1535,540,2051,1100,563,90,829,877,5889,.453,.315,.872,38.5,19.0,6.6,3.5
54,Mitchell Butler\butlemi02,1994,2004,4,253,4285,563,1279,70,236,290,472,202,584,267,178,46,284,444,1486,.440,.297,.614,16.9,5.9,2.3,1.1
55,Rasual Butler\butlera01,2015,2015,1,75,1505,218,517,91,235,53,67,27,197,63,29,22,48,98,580,.422,.387,.791,20.1,7.7,2.6,0.8
56,Will Bynum\bynumwi01,2015,2015,1,7,67,10,31,0,9,2,4,2,6,18,1,1,8,9,22,.323,.000,.500,9.6,3.1,0.9,2.6
57,Barney Cable\cableba01,1962,1964,3,105,2164,264,671,,,91,134,,493,119,,,,270,619,.393,,.679,20.6,5.9,4.7,1.1
58,Brian Cardinal\cardibr01,2003,2003,1,5,15,1,4,0,1,2,2,3,5,1,0,0,1,0,4,.250,.000,1.000,3.0,0.8,1.0,0.2
59,Howie Carl\carlho01,1962,1962,1,31,382,67,201,,,36,51,,39,57,,,,41,170,.333,,.706,12.3,5.5,1.3,1.8
60,Austin Carr\carrau01,1981,1981,1,39,580,80,206,0,7,32,50,18,52,49,14,2,32,43,192,.388,.000,.640,14.9,4.9,1.3,1.3
61,Fred Carter\cartefr01,1970,1972,3,155,2994,503,1281,,,202,308,,462,298,,,,309,1208,.393,,.656,19.3,7.8,3.0,1.9
62,Terry Catledge\catlete01,1987,1989,3,227,5836,1043,2101,1,11,506,824,658,1529,194,122,48,366,617,2593,.496,.091,.614,25.7,11.4,6.7,0.9
63,Rex Chapman\chapmre01,1992,1995,4,166,4815,977,2118,193,557,437,528,100,351,432,165,33,261,291,2584,.461,.346,.828,29.0,15.6,2.1,2.6
64,Calbert Cheaney\cheanca01,1994,1999,6,424,13097,2254,4856,176,580,715,1007,445,1483,817,422,119,628,1204,5399,.464,.303,.710,30.9,12.7,3.5,1.9
65,Phil Chenier\cheniph01,1972,1980,9,546,18654,4057,9103,3,6,1661,2059,356,2020,1688,667,228,127,1104,9778,.446,.500,.807,34.2,17.9,3.7,3.1
66,Jim Chones\choneji01,1982,1982,1,59,867,74,171,0,0,36,46,39,185,64,15,32,41,114,184,.433,,.783,14.7,3.1,3.1,1.1
67,Archie Clark\clarkar01,1972,1974,3,171,6506,1318,2771,,,721,924,44,535,1166,59,6,,424,3357,.476,,.780,38.0,19.6,3.1,6.8
68,Jim Cleamons\cleamji01,1980,1980,1,57,1535,184,381,4,23,72,98,43,133,248,44,9,92,120,444,.483,.174,.735,26.9,7.8,2.3,4.4
69,John Coker\cokerjo01,1999,1999,1,14,98,13,31,0,0,5,6,7,22,0,1,2,2,17,31,.419,,.833,7.0,2.2,1.6,0.0
70,Don Collins\collido02,1981,1985,4,189,3936,808,1603,1,21,304,424,260,506,362,218,72,356,459,1921,.504,.048,.717,20.8,10.2,2.7,1.9
71,Jason Collins\collija04,2013,2013,1,6,54,1,6,0,0,2,2,1,8,2,2,4,2,11,4,.167,,1.000,9.0,0.7,1.3,0.3
72,Steve Colter\coltest01,1988,1990,3,209,3763,533,1155,6,40,270,348,168,513,608,172,38,179,368,1342,.461,.150,.776,18.0,6.4,2.5,2.9
73,Larry Comley\comlela01,1964,1964,1,12,89,8,37,,,9,16,,19,12,,,,11,25,.216,,.563,7.4,2.1,1.6,1.0
74,Marty Conlon\conloma01,1994,1994,1,14,201,29,56,0,1,12,15,19,50,6,4,1,10,33,70,.518,.000,.800,14.4,5.0,3.6,0.4
75,Brian Cook\cookbr01,2012,2012,1,16,155,20,49,5,23,5,6,6,40,8,4,1,7,22,50,.408,.217,.833,9.7,3.1,2.5,0.5
76,Darwin Cook\cookda01,1987,1987,1,82,1420,265,622,2,23,82,103,46,145,151,98,17,96,136,614,.426,.087,.796,17.3,7.5,1.8,1.8
77,Joe Cooper\coopejo01,1983,1983,1,5,47,5,9,0,0,5,9,4,13,2,0,0,6,7,15,.556,,.556,9.4,3.0,2.6,0.4
78,Chris Corchiani\corchch01,1993,1993,1,1,3,1,1,0,0,0,0,0,0,0,0,0,0,1,2,1.000,,,3.0,2.0,0.0,0.0
79,Dave Corzine\corzida01,1979,1980,2,137,1358,153,334,0,0,94,131,156,417,112,19,45,113,187,400,.458,,.718,9.9,2.9,3.0,0.8
80,Mel Counts\countme01,1967,1967,1,25,343,65,167,,,29,40,,155,30,,,,81,159,.389,,.725,13.7,6.4,6.2,1.2
81,Chubby Cox\coxch01,1983,1983,1,7,78,13,37,0,2,3,6,7,10,6,0,1,9,16,29,.351,.000,.500,11.1,4.1,1.4,0.9
82,Johnny Cox\coxjo01,1963,1963,1,73,1685,239,568,,,95,135,,280,142,,,,149,573,.421,,.704,23.1,7.8,3.8,1.9
83,Jordan Crawford\crawfjo02,2011,2013,3,133,3747,725,1803,162,545,317,387,97,380,449,122,13,306,222,1929,.402,.297,.819,28.2,14.5,2.9,3.4
84,Javaris Crittenton\crittja01,2009,2009,1,56,1130,124,270,2,14,48,81,53,160,145,39,6,79,96,298,.459,.143,.593,20.2,5.3,2.9,2.6
85,Michael Curry\currymi01,1996,1996,1,5,34,3,10,0,3,4,4,2,5,1,1,0,1,3,10,.300,.000,1.000,6.8,2.0,1.0,0.2
86,Bob Dandridge\dandrbo01,1978,1981,4,221,7408,1619,3416,2,12,812,1011,328,1218,890,217,146,619,687,4052,.474,.167,.803,33.5,18.3,5.5,4.0
87,Antonio Daniels\daniean01,2006,2009,4,244,6493,625,1431,64,249,687,838,60,548,961,167,19,262,267,2001,.437,.257,.820,26.6,8.2,2.2,3.9
88,Charles Davis\davisch02,1982,1985,4,178,2231,444,946,3,21,113,169,173,453,135,57,45,172,272,1004,.469,.143,.669,12.5,5.6,2.5,0.8
89,Hubert Davis\davishu01,2001,2002,2,66,1662,203,445,77,164,35,42,17,107,156,34,3,69,87,518,.456,.470,.833,25.2,7.8,1.6,2.4
90,Mike Davis\davismi01,1970,1973,2,69,1613,310,704,,,172,217,,163,130,,,,219,792,.440,,.793,23.4,11.5,2.4,1.9
91,Paul Davis\davispa01,2010,2010,1,2,8,2,4,0,0,1,2,0,0,3,0,1,0,0,5,.500,,.500,4.0,2.5,0.0,1.5
92,Ralph Davis\davisra01,1962,1962,1,77,1992,364,881,,,71,103,,162,247,,,,187,799,.413,,.689,25.9,10.4,2.1,3.2
93,Terry Davis\daviste01,1998,1999,2,111,2283,176,348,0,1,97,157,259,619,40,52,27,72,272,449,.506,.000,.618,20.6,4.0,5.6,0.4
94,Darren Daye\dayeda01,1984,1986,3,219,3822,636,1311,2,16,432,619,254,643,525,137,42,328,439,1706,.485,.125,.698,17.5,7.8,2.9,2.4
95,Archie Dees\deesar01,1962,1962,1,13,,,,,,,,,,,,,,,,,,,,,,
96,Terry Dischinger\dischte01,1963,1964,2,137,5110,1129,2243,,,856,1107,,1125,332,,,,509,3114,.503,,.773,37.3,22.7,8.2,2.4
97,Juan Dixon\dixonju01,2003,2009,4,226,3995,638,1611,157,504,269,321,83,406,406,186,17,284,337,1702,.396,.312,.838,17.7,7.5,1.8,1.8
98,Terry Driscoll\driscte01,1972,1973,2,41,318,40,105,,,27,39,,112,23,,,,54,107,.381,,.692,7.8,2.6,2.7,0.6
99,Kevin Duckworth\duckwke01,1994,1995,2,109,2303,302,708,2,10,133,202,168,520,76,58,59,160,333,739,.427,.200,.658,21.1,6.8,4.8,0.7
100,Jared Dudley\dudleja01,2016,2016,1,81,2098,233,487,100,238,72,98,54,286,170,75,18,80,190,638,.478,.420,.735,25.9,7.9,3.5,2.1
101,Dennis DuVal\duvalde01,1975,1975,1,37,137,24,65,,,12,18,8,23,14,16,2,,34,60,.369,,.667,3.7,1.6,0.6,0.4
102,Ledell Eackles\eacklle01,1989,1998,6,387,8019,1667,3745,119,367,935,1212,329,884,668,230,29,547,706,4388,.445,.324,.771,20.7,11.3,2.3,1.7
103,Jarell Eddie\eddieja01,2016,2016,1,26,147,20,65,15,47,8,8,2,23,5,5,1,1,5,63,.308,.319,1.000,5.7,2.4,0.9,0.2
104,Johnny Egan\eganjo01,1966,1968,3,207,4259,684,1597,,,493,619,,473,668,,,,480,1861,.428,,.796,20.6,9.0,2.3,3.2
105,Obinna Ekezie\ekeziob01,2001,2001,1,29,273,32,77,0,0,37,53,31,76,9,5,5,14,46,101,.416,,.698,9.4,3.5,2.6,0.3
106,Leroy Ellis\ellisle01,1967,1970,4,311,8423,1299,2907,,,621,843,,2718,448,,,,811,3219,.447,,.737,27.1,10.4,8.7,1.4
107,Pervis Ellison\ellispe01,1991,1994,4,238,7332,1351,2597,1,16,606,865,656,2000,479,181,492,525,784,3309,.520,.063,.701,30.8,13.9,8.4,2.0
108,A.J. English\engliaj01,1991,1992,2,151,3108,617,1418,9,65,259,333,140,315,320,57,24,203,287,1502,.435,.138,.778,20.6,9.9,2.1,2.1
109,Maurice Evans\evansma01,2011,2012,2,50,1055,143,335,44,123,38,43,37,96,24,32,9,28,91,368,.427,.358,.884,21.1,7.4,1.9,0.5
110,Dave Feitl\feitlda01,1989,1989,1,57,828,116,266,0,1,54,65,69,202,36,17,18,65,136,286,.436,.000,.831,14.5,5.0,3.5,0.6
111,Al Ferrari\ferraal01,1963,1963,1,18,138,12,37,,,14,17,,12,14,,,,21,38,.324,,.824,7.7,2.1,0.7,0.8
112,Bob Ferry\ferrybo01,1965,1969,5,260,4377,596,1435,,,373,589,,1142,328,,,,482,1565,.415,,.633,16.8,6.0,4.4,1.3
113,Matt Fish\fishma01,1997,1997,1,5,7,1,3,0,0,0,0,1,5,0,0,0,2,2,2,.333,,,1.4,0.4,1.0,0.0
114,Greg Foster\fostegr01,1991,1993,3,113,1247,197,429,0,6,79,113,103,323,83,18,39,90,212,473,.459,.000,.699,11.0,4.2,2.9,0.7
115,Randy Foye\foyera01,2010,2010,1,70,1667,256,619,63,182,129,145,16,130,228,33,10,94,123,704,.414,.346,.890,23.8,10.1,1.9,3.3
116,Tim Frazier\fraziti01,2018,2018,1,59,838,68,172,17,56,23,30,18,115,194,47,7,57,97,176,.395,.304,.767,14.2,3.0,1.9,3.3
117,Andrew Gaze\gazean01,1994,1994,1,7,70,8,17,4,8,2,2,1,7,5,2,1,3,9,22,.471,.500,1.000,10.0,3.1,1.0,0.7
118,Alonzo Gee\geeal01,2010,2011,2,22,309,40,86,7,11,26,41,26,55,12,14,1,18,23,113,.465,.636,.634,14.0,5.1,2.5,0.5
119,Dick Gibbs\gibbsdi01,1975,1975,1,59,424,74,190,,,48,64,26,61,19,12,3,,60,196,.389,,.750,7.2,3.3,1.0,0.3
120,Mike Gibson\gibsomi01,1984,1984,1,32,229,21,55,0,0,11,17,29,66,9,5,7,14,30,53,.382,,.647,7.2,1.7,2.1,0.3
121,Anthony Goldwire\goldwan01,2003,2003,1,5,34,4,7,1,1,4,5,0,3,1,0,0,4,1,13,.571,1.000,.800,6.8,2.6,0.6,0.2
122,Drew Gooden\goodedr01,2014,2016,3,103,1564,219,522,37,117,67,85,137,422,77,39,27,58,184,542,.420,.316,.788,15.2,5.3,4.1,0.7
123,Marcin Gortat\gortama01,2014,2018,5,402,11995,2007,3613,1,7,639,933,1023,3697,613,217,449,565,973,4654,.555,.143,.685,29.8,11.6,9.2,1.5
124,Joe Graboski\grabojo01,1962,1962,1,12,,,,,,,,,,,,,,,,,,,,,,
125,Greg Grant\grantgr01,1996,1996,1,10,138,11,28,2,10,0,0,1,6,23,8,0,10,8,24,.393,.200,,13.8,2.4,0.6,2.3
126,Harvey Grant\grantha01,1989,1998,7,508,13435,2327,4896,33,137,758,1032,805,2330,896,393,267,493,1180,5445,.475,.241,.734,26.4,10.7,4.6,1.8
127,Leonard Gray\grayle01,1977,1977,1,58,996,144,330,,,59,80,61,186,69,31,18,,189,347,.436,,.738,17.2,6.0,3.2,1.2
128,Jeff Green\greenje02,2019,2019,1,4,105,15,36,2,15,9,9,1,15,4,4,3,5,10,41,.417,.133,1.000,26.3,10.3,3.8,1.0
129,Johnny Green\greenjo01,1966,1967,2,133,2385,518,1026,,,283,564,,965,153,,,,301,1319,.505,,.502,17.9,9.9,7.3,1.2
130,Kenny Green\greenke02,1986,1986,1,20,221,44,101,0,1,21,26,17,38,3,4,7,17,26,109,.436,.000,.808,11.1,5.5,1.9,0.2
131,Si Green\greensi01,1962,1965,4,275,5798,761,1842,,,508,757,,786,777,,,,632,2030,.413,,.671,26.6,7.4,3.6,3.6
132,Claude Gregory\gregocl01,1986,1986,1,2,2,1,2,0,0,0,0,2,2,0,1,0,2,1,2,.500,,,1.0,1.0,1.0,0.0
133,Kevin Grevey\greveke01,1976,1983,8,530,13141,2547,5851,122,348,1226,1510,533,1410,1078,335,106,648,1106,6442,.435,.351,.812,24.8,12.2,2.7,2.0
134,Tom Gugliotta\guglito01,1993,1995,3,165,5816,1057,2377,82,291,420,625,424,1562,600,327,97,492,388,2616,.445,.282,.672,35.2,15.9,9.5,3.6
135,Mike Hall\hallmi01,2007,2007,1,2,13,1,4,0,0,0,0,1,2,1,0,0,0,1,2,.250,,,6.5,1.0,1.0,0.5
136,Darvin Ham\hamda01,1998,1998,1,71,635,55,104,0,0,35,74,72,131,16,21,25,37,118,145,.529,,.473,8.9,2.0,1.8,0.2
137,Richard Hamilton\hamilri01,2000,2002,3,212,6095,1273,2938,84,265,680,789,186,583,503,141,30,417,481,3310,.433,.317,.862,28.8,15.6,2.8,2.4
138,Tom Hammonds\hammoto01,1990,1992,3,168,2812,479,1031,0,6,170,259,168,559,130,48,34,158,324,1128,.465,.000,.656,16.7,6.7,3.3,0.8
139,Charlie Hardnett\hardnch01,1963,1965,3,164,2474,433,1023,,,332,513,,930,103,,,,376,1198,.423,,.647,15.1,7.3,5.7,0.6
140,Al Harrington\harrial01,2014,2014,1,34,511,82,207,34,100,27,35,15,80,28,14,0,34,72,225,.396,.340,.771,15.0,6.6,2.4,0.8
141,Mike Harris\harrimi01,2010,2010,1,5,14,1,3,0,0,2,2,1,4,0,1,0,0,4,4,.333,,1.000,2.8,0.8,0.8,0.0
142,Clem Haskins\haskicl01,1975,1976,2,125,1439,263,559,,,107,128,41,134,152,46,14,,152,633,.470,,.836,11.5,5.1,1.1,1.2
143,Vern Hatton\hattove01,1962,1962,1,15,,,,,,,,,,,,,,,,,,,,,,
144,Elvin Hayes\hayesel01,1973,1981,9,731,29218,6251,13658,3,23,3046,4499,2225,9305,1294,736,1558,868,2557,15551,.458,.130,.677,40.0,21.3,12.7,1.8
145,Jarvis Hayes\hayesja01,2004,2007,4,226,5746,785,1954,165,484,272,330,173,777,303,184,34,250,462,2007,.402,.341,.824,25.4,8.9,3.4,1.3
146,Brendan Haywood\haywobr01,2002,2010,9,579,14181,1669,3146,0,1,1122,1807,1604,3648,348,254,865,662,1570,4460,.531,.000,.621,24.5,7.7,6.3,0.6
147,Spencer Haywood\haywosp01,1982,1983,2,114,2861,520,1141,0,4,282,347,221,605,94,57,95,242,343,1322,.456,.000,.813,25.1,11.6,5.3,0.8
148,Brian Heaney\heanebr01,1970,1970,1,14,70,13,24,,,2,4,,4,6,,,,17,28,.542,,.500,5.0,2.0,0.3,0.4
149,Tom Henderson\hendeto01,1977,1979,3,186,5619,813,1798,,,442,580,142,471,1037,239,34,343,328,2068,.452,,.762,30.2,11.1,2.5,5.6
150,J.J. Hickson\hicksjj01,2016,2016,1,15,131,25,46,0,1,19,44,17,45,7,5,2,9,12,69,.543,.000,.432,8.7,4.6,3.0,0.5
151,Wayne Hightower\hightwa01,1965,1967,3,94,1716,226,668,,,208,283,,545,87,,,,232,660,.338,,.735,18.3,7.0,5.8,0.9
152,Nene Hilario\hilarne01,2012,2016,5,249,6290,1168,2285,2,16,603,957,322,1388,569,245,145,475,697,2941,.511,.125,.630,25.3,11.8,5.6,2.3
153,Gary Hill\hillga01,1965,1965,1,3,15,0,1,,,0,0,,1,1,,,,1,0,.000,,,5.0,0.0,0.3,0.3
154,Kirk Hinrich\hinriki01,2011,2011,1,48,1471,198,438,43,112,92,105,14,129,210,56,10,84,119,531,.452,.384,.876,30.6,11.1,2.7,4.4
155,Paul Hogue\hoguedu01,1964,1964,1,9,58,3,14,,,1,2,,16,1,,,,20,7,.214,,.500,6.4,0.8,1.8,0.1
156,Brad Holland\hollabr01,1982,1982,1,13,185,27,73,0,3,3,4,6,13,16,11,1,7,12,57,.370,.000,.750,14.2,4.4,1.0,1.2
157,Ryan Hollins\holliry01,2016,2016,1,5,48,4,7,0,0,0,0,7,11,0,0,1,3,4,8,.571,,,9.6,1.6,2.2,0.0
158,Tito Horford\horfoti01,1994,1994,1,3,28,0,2,0,0,0,0,1,3,0,1,3,1,3,0,.000,,,9.3,0.0,1.0,0.0
159,Ed Horton\hortoed01,1990,1990,1,45,374,80,162,0,4,42,69,59,108,19,9,5,39,63,202,.494,.000,.609,8.3,4.5,2.4,0.4
160,Danuel House\houseda01,2017,2017,1,1,1,0,0,0,0,0,0,0,1,0,0,0,0,0,0,,,,1.0,0.0,1.0,0.0
161,Josh Howard\howarjo01,2010,2011,2,22,500,78,208,10,40,44,67,22,87,28,16,7,23,47,210,.375,.250,.657,22.7,9.5,4.0,1.3
162,Juwan Howard\howarju01,1995,2001,7,464,17845,3476,7274,4,34,1574,2142,1078,3448,1552,449,156,1389,1604,8530,.478,.118,.735,38.5,18.4,7.4,3.3
163,Bailey Howell\howelba01,1965,1966,2,158,5303,996,2026,,,906,1180,,1642,363,,,,651,2898,.492,,.768,33.6,18.3,10.4,2.3
164,Lester Hudson\hudsole01,2011,2011,1,11,73,6,24,4,15,2,4,1,5,17,4,1,7,10,18,.250,.267,.500,6.6,1.6,0.5,1.5
165,Larry Hughes\hughela01,2003,2005,3,189,6556,1214,2836,167,520,755,974,237,1016,638,357,68,441,464,3350,.428,.321,.775,34.7,17.7,5.4,3.4
166,Kris Humphries\humphkr01,2015,2016,2,92,1811,275,604,23,74,116,148,144,531,73,37,39,66,172,689,.455,.311,.784,19.7,7.5,5.8,0.8
167,Les Hunter\huntele01,1965,1965,1,24,114,18,64,,,6,14,,50,11,,,,16,42,.281,,.429,4.8,1.8,2.1,0.5
168,Byron Irvin\irvinby01,1991,1993,2,37,361,69,147,2,6,53,67,26,49,26,16,2,20,37,193,.469,.333,.791,9.8,5.2,1.3,0.7
169,Cedric Jackson\jacksce01,2010,2010,1,4,39,4,11,1,3,3,4,1,3,6,0,0,8,5,12,.364,.333,.750,9.8,3.0,0.8,1.5
170,Jaren Jackson\jacksja01,1997,1997,1,75,1133,134,329,53,158,53,69,31,132,65,45,16,60,131,374,.407,.335,.768,15.1,5.0,1.8,0.9
171,Randell Jackson\jacksra02,1999,1999,1,27,271,46,108,1,7,21,32,30,54,8,3,11,26,29,114,.426,.143,.656,10.0,4.2,2.0,0.3
172,Mike James\jamesmi01,2009,2010,2,57,1621,195,509,68,186,71,88,25,129,198,45,6,96,104,529,.383,.366,.807,28.4,9.3,2.3,3.5
173,Antawn Jamison\jamisan01,2005,2010,6,421,16307,3298,7380,646,1801,1494,2007,971,3735,773,469,132,658,1059,8736,.447,.359,.744,38.7,20.8,8.9,1.8
174,Othyus Jeffers\jeffeot01,2011,2011,1,16,314,30,62,1,4,30,46,25,65,19,17,0,13,31,91,.484,.250,.652,19.6,5.7,4.1,1.2
175,Jared Jeffries\jeffrja01,2003,2006,4,256,6163,597,1381,40,137,321,541,522,1235,408,180,118,341,669,1555,.432,.292,.593,24.1,6.1,4.8,1.6
176,Brandon Jennings\jennibr01,2017,2017,1,23,374,29,106,11,52,12,17,8,44,108,15,0,22,32,81,.274,.212,.706,16.3,3.5,1.9,4.7
177,Yi Jianlian\jianlyi01,2011,2011,1,63,1112,145,347,3,13,62,91,79,248,25,27,32,51,115,355,.418,.231,.681,17.7,5.6,3.9,0.4
178,Andy Johnson\johnsan01,1962,1962,1,71,2193,365,814,,,284,452,,351,228,,,,247,1014,.448,,.628,30.9,14.3,4.9,3.2
179,Buck Johnson\johnsbu01,1993,1993,1,73,1287,193,403,0,3,92,126,78,195,89,36,18,70,187,478,.479,.000,.730,17.6,6.5,2.7,1.2
180,Charles Johnson\johnsch01,1978,1979,2,121,2626,483,1132,,,109,130,90,295,259,126,7,137,237,1075,.427,,.838,21.7,8.9,2.4,2.1
181,Frank Johnson\johnsfr01,1982,1988,7,382,10021,1568,3576,49,213,802,1065,217,751,1961,427,27,807,793,3987,.438,.230,.753,26.2,10.4,2.0,5.1
182,George Johnson\johnsge01,1971,1971,1,24,337,41,100,,,11,30,,114,10,,,,63,93,.410,,.367,14.0,3.9,4.8,0.4
183,George Johnson\johnsge03,1986,1986,1,2,7,1,3,0,0,2,2,1,2,0,0,0,1,1,4,.333,,1.000,3.5,2.0,1.0,0.0
184,Gus Johnson\johnsgu01,1964,1972,9,560,19723,4057,9202,,,1667,2384,,7243,1510,,,,1982,9781,.441,,.699,35.2,17.5,12.9,2.7
185,Anthony Jones\jonesan01,1987,1987,1,16,114,14,33,0,1,9,13,1,9,7,10,1,11,11,37,.424,.000,.692,7.1,2.3,0.6,0.4
186,Charles Jones\jonesch02,1989,1989,1,43,516,38,82,1,3,33,53,54,140,18,18,16,22,49,110,.463,.333,.623,12.0,2.6,3.3,0.4
187,Charles Jones\jonesch01,1985,1993,9,595,12633,671,1390,0,5,346,547,974,2894,573,420,1051,464,1854,1688,.483,.000,.633,21.2,2.8,4.9,1.0
188,Jimmy Jones\jonesji01,1975,1977,3,140,2590,362,717,,,177,240,69,272,283,111,15,,321,901,.505,,.738,18.5,6.4,1.9,2.0
189,Popeye Jones\jonespo01,2001,2002,2,124,2558,282,661,5,17,147,185,316,798,158,69,27,109,304,716,.427,.294,.795,20.6,5.8,6.4,1.3
190,Wali Jones\joneswa02,1965,1965,1,77,1250,154,411,,,99,136,,140,200,,,,196,407,.375,,.728,16.2,5.3,1.8,2.6
191,Michael Jordan\jordami01,2002,2003,2,142,5124,1230,2851,26,108,529,657,121,836,621,208,65,335,290,3015,.431,.241,.805,36.1,21.2,5.9,4.4
192,Reggie Jordan\jordare01,2000,2000,1,36,243,17,53,0,1,7,13,16,41,32,12,2,19,29,41,.321,.000,.538,6.8,1.1,1.1,0.9
193,Red Kerr\kerrre01,1966,1966,1,71,1770,286,692,,,209,272,,586,225,,,,148,781,.413,,.768,24.9,11.0,8.3,3.2
194,Albert King\kingal01,1992,1992,1,6,59,11,30,2,7,7,8,1,11,5,3,0,2,7,31,.367,.286,.875,9.8,5.2,1.8,0.8
195,Bernard King\kingbe01,1988,1991,4,296,9691,2548,5279,17,96,1403,1763,462,1387,1154,220,46,941,838,6516,.483,.177,.796,32.7,22.0,4.7,3.9
196,Gerard King\kingge02,2000,2001,2,107,1766,229,453,0,0,85,111,123,379,80,48,26,88,226,543,.506,,.766,16.5,5.1,3.5,0.7
197,Maurice King\kingma01,1963,1963,1,37,954,94,241,,,28,34,,102,142,,,,87,216,.390,,.824,25.8,5.8,2.8,3.8
198,Brevin Knight\knighbr01,2004,2004,1,32,598,58,138,1,5,19,27,11,61,102,52,0,44,50,136,.420,.200,.704,18.7,4.3,1.9,3.2
199,Don Kojis\kojisdo01,1964,1964,1,78,1148,203,484,,,82,146,,309,57,,,,123,488,.419,,.562,14.7,6.3,4.0,0.7
200,Joe Kopicki\kopicjo01,1983,1984,2,76,879,87,183,1,8,112,137,82,228,55,24,7,47,92,287,.475,.125,.818,11.6,3.8,3.0,0.7
201,Tom Kozelko\kozelto01,1974,1976,3,189,1911,167,399,,,73,98,121,346,99,68,16,,281,407,.419,,.745,10.1,2.2,1.8,0.5
202,Tom Kropp\kroppto01,1976,1976,1,25,72,7,30,,,5,6,5,15,8,2,0,,20,19,.233,,.833,2.9,0.8,0.6,0.3
203,Mitch Kupchak\kupchmi01,1977,1981,5,337,7261,1562,2956,0,3,965,1363,727,2058,299,117,133,505,785,4089,.528,.000,.708,21.5,12.1,6.1,0.9
204,Christian Laettner\laettch01,2001,2004,4,206,5373,654,1362,13,57,329,392,281,1188,532,210,112,281,520,1650,.480,.228,.839,26.1,8.0,5.8,2.6
205,James Lang\langja01,2007,2007,1,11,55,4,9,0,0,3,5,5,11,2,0,3,2,14,11,.444,,.600,5.0,1.0,1.0,0.2
206,York Larese\laresyo01,1962,1962,1,8,57,10,21,,,5,9,,6,9,,,,8,25,.476,,.556,7.1,3.1,0.8,1.1
207,Manny Leaks\leaksma01,1974,1974,1,53,845,79,232,,,58,83,94,244,25,10,39,,95,216,.341,,.699,15.9,4.1,4.6,0.5
208,Tim Legler\legleti01,1996,1999,4,130,2410,302,642,150,315,144,170,39,205,167,53,20,72,215,898,.470,.476,.847,18.5,6.9,1.6,1.3
209,Slick Leonard\leonasl01,1962,1963,2,102,3343,507,1373,,,338,456,,267,521,,,,270,1352,.369,,.741,32.8,13.3,2.6,5.1
210,Cedric Lewis\lewisce01,1996,1996,1,3,4,2,3,0,0,0,0,2,2,0,1,0,0,0,4,.667,,,1.3,1.3,0.7,0.0
211,Rashard Lewis\lewisra02,2011,2012,2,60,1743,224,533,59,191,74,88,82,293,90,53,30,84,145,581,.420,.309,.841,29.1,9.7,4.9,1.5
212,Steve Lingenfelter\lingest01,1983,1983,1,7,53,4,6,0,0,0,4,1,12,4,1,3,5,16,8,.667,,.000,7.6,1.1,1.7,0.6
213,Shaun Livingston\livinsh01,2010,2013,2,43,986,123,251,0,7,57,63,14,95,154,23,11,67,74,303,.490,.000,.905,22.9,7.0,2.2,3.6
214,Felipe Lopez\lopezfe01,2001,2001,1,47,1108,142,326,6,29,90,123,30,160,73,41,18,56,110,380,.436,.207,.732,23.6,8.1,3.4,1.6
215,Kevin Loughery\loughke01,1964,1972,9,591,18677,3824,9209,,,2185,2720,,1854,2363,,,,2094,9833,.415,,.803,31.6,16.6,3.1,4.0
216,Stan Love\lovest01,1972,1973,2,146,2322,432,972,,,182,240,,638,98,,,,377,1046,.444,,.758,15.9,7.2,4.4,0.7
217,John Lucas\lucasjo01,1982,1983,2,114,2326,325,749,2,27,159,218,48,195,653,120,7,203,123,811,.434,.074,.729,20.4,7.1,1.7,5.7
218,Tyronn Lue\luety01,2002,2003,2,146,3444,470,1093,123,317,139,167,36,271,509,96,1,173,271,1202,.430,.388,.832,23.6,8.2,1.9,3.5
219,Sheldon Mac\mcclesh01,2017,2017,1,30,287,30,75,7,30,23,27,4,34,15,8,2,5,17,90,.400,.233,.852,9.6,3.0,1.1,0.5
220,Shelvin Mack\macksh01,2012,2013,2,71,920,104,260,16,55,43,61,15,108,154,34,2,56,60,267,.400,.291,.705,13.0,3.8,1.5,2.2
221,Don MacLean\macledo01,1993,1995,3,176,4213,832,1752,16,67,522,645,219,754,250,73,29,238,348,2202,.475,.239,.809,23.9,12.5,4.3,1.4
222,Ian Mahinmi\mahinia01,2017,2019,3,111,1733,204,365,0,3,136,209,187,469,74,73,69,135,330,544,.559,.000,.651,15.6,4.9,4.2,0.7
223,Rick Mahorn\mahorri01,1981,1985,5,373,11156,1414,2821,0,6,517,824,706,3044,542,285,557,645,1484,3345,.501,.000,.627,29.9,9.0,8.2,1.5
224,Jeff Malone\malonje01,1984,1990,7,548,17984,4543,9524,58,238,1939,2231,386,1458,1523,358,80,1029,1141,11083,.477,.244,.869,32.8,20.2,2.7,2.8
225,Moses Malone\malonmo01,1987,1988,2,152,5180,1126,2401,2,18,1113,1381,712,1708,232,118,164,451,299,3367,.469,.111,.806,34.1,22.2,11.2,1.5
226,Steve Malovic\malovst01,1980,1980,1,1,6,0,0,0,0,1,4,0,0,0,1,0,0,0,1,,,.250,6.0,1.0,0.0,0.0
227,Ed Manning\mannied01,1968,1970,3,163,1839,273,613,,,100,161,,656,55,,,,306,646,.445,,.621,11.3,4.0,4.0,0.3
228,Nick Mantis\mantini01,1963,1963,1,33,626,86,224,,,24,40,,79,76,,,,81,196,.384,,.600,19.0,5.9,2.4,2.3
229,Jack Marin\marinja01,1967,1972,6,480,14864,3199,6840,,,1619,1932,,2972,1019,,,,1469,8017,.468,,.838,31.0,16.7,6.2,2.1
230,Cartier Martin\martica01,2010,2013,4,118,1741,244,616,133,338,67,96,51,253,55,51,15,67,157,688,.396,.393,.698,14.8,5.8,2.1,0.5
231,Roger Mason\masonro01,2007,2012,3,194,2897,428,1037,222,583,97,114,31,244,216,66,29,120,239,1175,.413,.381,.851,14.9,6.1,1.3,1.1
232,Wes Matthews\matthwe01,1981,1981,1,45,1161,224,449,5,15,99,129,30,67,199,46,10,149,120,552,.499,.333,.767,25.8,12.3,1.5,4.4
233,Eric Maynor\maynoer01,2014,2014,1,23,215,21,72,8,25,2,3,7,24,40,5,1,17,13,52,.292,.320,.667,9.3,2.3,1.0,1.7
234,Bob McCann\mccanbo01,1996,1996,1,62,653,76,153,1,2,35,74,46,143,24,21,15,42,116,188,.497,.500,.473,10.5,3.0,2.3,0.4
235,Andre McCarter\mccaran01,1981,1981,1,43,448,51,135,2,8,18,24,16,39,73,14,0,24,36,122,.378,.250,.750,10.4,2.8,0.9,1.7
236,Keith McCord\mccorke01,1981,1981,1,2,9,2,4,0,0,0,0,1,2,1,0,0,2,0,4,.500,,,4.5,2.0,1.0,0.5
237,Chris McCullough\mcculch01,2017,2018,2,21,98,18,43,1,9,10,16,7,27,4,1,5,3,8,47,.419,.111,.625,4.7,2.2,1.3,0.2
238,JaVale McGee\mcgeeja01,2009,2012,4,255,5428,893,1698,0,4,373,624,558,1533,100,115,470,282,627,2159,.526,.000,.598,21.3,8.5,6.0,0.4
239,Bill McGill\mcgilbi01,1963,1964,2,66,637,192,377,,,89,130,,177,38,,,,123,473,.509,,.685,9.7,7.2,2.7,0.6
240,Dominic McGuire\mcguido01,2008,2010,3,190,3007,194,467,3,10,88,139,183,628,246,86,103,142,261,479,.415,.300,.633,15.8,2.5,3.3,1.3
241,Jim McIlvaine\mcilvji01,1995,1996,2,135,1729,96,216,0,0,86,146,106,335,21,31,226,55,266,278,.444,,.589,12.8,2.1,2.5,0.2
242,Jeff McInnis\mcinnje01,1999,1999,1,35,427,50,134,9,35,21,28,9,21,73,19,1,30,36,130,.373,.257,.750,12.2,3.7,0.6,2.1
243,Kevin McKenna\mckenke01,1986,1986,1,30,430,61,166,27,75,25,30,9,36,23,29,2,18,54,174,.367,.360,.833,14.3,5.8,1.2,0.8
244,Stan McKenzie\mckenst01,1968,1968,1,50,653,73,182,,,58,88,,121,24,,,,98,204,.401,,.659,13.1,4.1,2.4,0.5
245,Tom McMillen\mcmilto01,1984,1986,3,187,3704,605,1266,1,14,303,370,172,522,160,31,44,148,410,1514,.478,.071,.819,19.8,8.1,2.8,0.9
246,Jordan McRae\mcraejo01,2019,2019,1,2,13,1,5,0,2,0,0,0,3,1,0,0,0,0,2,.200,.000,,6.5,1.0,1.5,0.5
247,Thales McReynolds\mcreyth01,1966,1966,1,5,28,1,12,,,1,2,,6,1,,,,0,3,.083,,.500,5.6,0.6,1.2,0.2
248,Jodie Meeks\meeksjo01,2018,2018,1,77,1119,157,393,72,210,101,117,15,126,70,29,4,37,55,487,.399,.343,.863,14.5,6.3,1.6,0.9
249,Eddie Miles\milesed01,1970,1971,2,66,1593,259,601,,,121,152,,171,114,,,,127,639,.431,,.796,24.1,9.7,2.6,1.7
250,Andre Miller\millean02,2014,2015,2,79,1043,117,229,3,11,53,69,33,134,240,33,4,74,99,290,.511,.273,.768,13.2,3.7,1.7,3.0
251,Mike Miller\millemi01,2010,2010,1,54,1805,217,433,82,171,70,85,55,336,212,39,12,115,131,586,.501,.480,.824,33.4,10.9,6.2,3.9
252,Earl Monroe\monroea01,1968,1972,5,328,12084,2935,6596,,,1905,2396,,1223,1507,,,,1030,7775,.445,,.795,36.8,23.7,3.7,4.6
253,Markieff Morris\morrima02,2016,2019,4,180,5158,891,1902,183,501,337,409,215,1085,313,166,102,307,565,2302,.468,.365,.824,28.7,12.8,6.0,1.7
254,Perry Moss\mosspe01,1986,1986,1,12,160,21,53,2,7,11,15,9,25,19,6,3,18,26,55,.396,.286,.733,13.3,4.6,2.1,1.6
255,Lawrence Moten\motenla01,1998,1998,1,8,27,3,13,0,1,3,4,1,1,3,0,0,1,6,9,.231,.000,.750,3.4,1.1,0.1,0.4
256,Gheorghe Muresan\muresgh01,1994,1997,4,276,6461,1224,2115,0,1,467,723,634,1889,141,171,443,429,906,2915,.579,.000,.646,23.4,10.6,6.8,0.5
257,Jay Murphy\murphja01,1987,1988,2,30,187,39,95,0,0,13,21,21,55,6,3,2,11,26,91,.411,,.619,6.2,3.0,1.8,0.2
258,Tracy Murray\murratr01,1997,2000,4,280,6525,1110,2592,410,1069,471,553,240,882,261,202,74,301,567,3101,.428,.384,.852,23.3,11.1,3.2,0.9
259,Dorie Murrey\murredo01,1971,1972,2,120,1117,120,285,,,90,140,,340,48,,,,222,330,.421,,.643,9.3,2.8,2.8,0.4
260,Toure' Murry\murryto01,2015,2015,1,4,17,2,4,0,0,2,2,1,1,1,1,0,4,2,6,.500,,1.000,4.3,1.5,0.3,0.3
261,Hamady N'Diaye\ndiayha01,2011,2012,2,19,83,4,6,0,0,6,12,2,7,0,2,5,3,18,14,.667,,.500,4.4,0.7,0.4,0.0
262,Gary Neal\nealga01,2016,2016,1,40,807,151,325,41,100,47,55,11,83,47,20,1,29,55,390,.465,.410,.855,20.2,9.8,2.1,1.2
263,Don Nelson\nelsodo01,1963,1963,1,62,1071,129,293,,,161,221,,279,72,,,,136,419,.440,,.729,17.3,6.8,4.5,1.2
264,Louie Nelson\nelsolo01,1974,1974,1,49,556,93,215,,,53,73,26,70,52,31,2,,62,239,.433,,.726,11.3,4.9,1.4,1.1
265,Tyrone Nesby\nesbyty01,2001,2002,2,118,2721,332,828,52,181,131,176,140,449,156,102,38,104,291,847,.401,.287,.744,23.1,7.2,3.8,1.3
266,Andrew Nicholson\nichoan01,2017,2017,1,28,231,30,77,3,16,7,12,11,34,7,11,6,11,37,70,.390,.188,.583,8.3,2.5,1.2,0.3
267,Gaylon Nickerson\nickega01,1997,1997,1,1,6,1,3,0,1,0,0,0,1,0,1,0,1,0,2,.333,.000,,6.0,2.0,1.0,0.0
268,Mel Nowell\nowelme01,1963,1963,1,39,589,92,237,,,48,66,,67,84,,,,86,232,.388,,.727,15.1,5.9,1.7,2.2
269,Mike O'Koren\okoremi01,1987,1987,1,15,123,16,42,0,2,0,2,6,14,13,2,0,6,10,32,.381,.000,.000,8.2,2.1,0.9,0.9
270,Charles Oakley\oaklech01,2003,2003,1,42,514,23,55,0,0,28,34,37,107,40,13,6,21,90,74,.418,,.824,12.2,1.8,2.5,1.0
271,Fabricio Oberto\obertfa01,2010,2010,1,57,650,35,56,0,0,13,17,34,105,51,11,9,36,121,83,.625,,.765,11.4,1.5,1.8,0.9
272,Daniel Ochefu\ochefda01,2017,2017,1,19,75,12,27,0,0,0,2,5,22,3,2,0,3,17,24,.444,,.000,3.9,1.3,1.2,0.2
273,Alan Ogg\oggal01,1993,1993,1,3,3,2,4,0,0,1,2,2,4,0,0,0,0,0,5,.500,,.500,1.0,1.7,1.3,0.0
274,Don Ohl\ohldo01,1965,1968,4,247,8586,1845,4169,,,990,1320,,918,792,,,,726,4680,.443,,.750,34.8,18.9,3.7,3.2
275,Emeka Okafor\okafoem01,2013,2013,1,79,2052,328,687,0,0,109,191,199,692,93,45,77,107,145,765,.477,,.571,26.0,9.7,8.8,1.2
276,Brian Oliver\olivebr01,1995,1995,1,6,42,4,9,0,0,6,8,0,4,4,0,0,3,8,14,.444,,.750,7.0,2.3,0.7,0.7
277,Jimmy Oliver\oliveji01,1998,1998,1,1,10,2,4,1,2,0,0,0,2,1,0,0,0,1,5,.500,.500,,10.0,5.0,2.0,1.0
278,Barry Orms\ormsba01,1969,1969,1,64,916,76,246,,,29,60,,158,49,,,,155,181,.309,,.483,14.3,2.8,2.5,0.8
279,Kelly Oubre\oubreke01,2016,2019,4,227,4615,613,1482,212,652,308,393,150,779,158,161,61,180,539,1746,.414,.325,.784,20.3,7.7,3.4,0.7
280,Doug Overton\overtdo01,1993,1995,3,188,3443,446,1037,57,149,211,258,70,318,495,105,9,230,255,1160,.430,.383,.818,18.3,6.2,1.7,2.6
281,Larry Owens\owensla01,2011,2011,1,5,112,12,26,5,10,2,5,1,11,7,7,5,5,14,31,.462,.500,.400,22.4,6.2,2.2,1.4
282,Joe Pace\pacejo01,1977,1978,2,79,557,91,195,,,73,122,66,168,27,14,38,44,115,255,.467,,.598,7.1,3.2,2.1,0.3
283,Robert Pack\packro01,1996,1996,1,31,1084,190,444,26,98,154,182,29,132,242,62,1,114,68,560,.428,.265,.846,35.0,18.1,4.3,7.8
284,Gerald Paddio\paddige01,1994,1994,1,8,74,11,32,0,1,8,14,5,11,7,3,0,2,4,30,.344,.000,.571,9.3,3.8,1.4,0.9
285,Jannero Pargo\pargoja01,2013,2013,1,7,102,8,32,3,20,2,2,0,6,14,0,1,8,8,21,.250,.150,1.000,14.6,3.0,0.9,2.0
286,Cherokee Parks\parksch02,2001,2001,1,13,178,18,38,0,0,12,17,13,40,7,6,11,10,20,48,.474,,.706,13.7,3.7,3.1,0.5
287,Tom Patterson\patteto01,1973,1974,2,25,100,21,50,,,14,18,1,24,5,0,0,,18,56,.420,,.778,4.0,2.2,1.0,0.2
288,Oleksiy Pecherov\pecheol01,2008,2009,2,67,597,83,226,31,103,44,60,56,142,9,12,8,27,64,241,.367,.301,.733,8.9,3.6,2.1,0.1
289,Anthony Peeler\peelean01,2005,2005,1,40,529,56,150,25,65,16,18,14,65,57,18,2,28,39,153,.373,.385,.889,13.2,3.8,1.6,1.4
290,Mike Peplowski\peplomi01,1996,1996,1,2,5,0,0,0,0,0,0,0,0,0,0,0,0,4,0,,,,2.5,0.0,0.0,0.0
291,Mel Peterson\peterme01,1964,1964,1,2,3,1,1,,,0,0,,1,0,,,,2,2,1.000,,,1.5,1.0,0.5,0.0
292,Roger Phegley\pheglro01,1979,1980,2,79,1124,252,551,2,5,128,149,54,137,85,24,5,87,127,634,.457,.400,.859,14.2,8.0,1.7,1.1
293,Paul Pierce\piercpa01,2015,2015,1,73,1914,293,656,118,303,164,210,45,294,144,46,24,92,160,868,.447,.389,.781,26.2,11.9,4.0,2.0
294,Dave Piontek\piontda01,1962,1962,1,45,614,83,225,,,39,59,,155,31,,,,89,205,.369,,.661,13.6,4.6,3.4,0.7
295,Kevin Porter\porteke01,1973,1983,6,395,10426,1756,3612,3,16,679,926,196,614,2593,426,41,436,1312,4194,.486,.188,.733,26.4,10.6,1.6,6.6
296,Otto Porter\porteot01,2014,2019,6,347,9190,1425,2928,427,1063,374,474,413,1698,474,397,151,257,639,3651,.487,.402,.789,26.5,10.5,4.9,1.4
297,Dominic Pressley\pressdo01,1989,1989,1,10,107,8,25,0,0,5,9,3,14,22,4,0,11,9,21,.320,,.556,10.7,2.1,1.4,2.2
298,A.J. Price\priceaj01,2013,2013,1,57,1278,161,413,70,200,49,62,20,114,205,33,3,64,73,441,.390,.350,.790,22.4,7.7,2.0,3.6
299,Brent Price\pricebr01,1993,1996,3,214,3936,493,1139,197,499,289,346,97,421,783,189,9,357,388,1472,.433,.395,.835,18.4,6.9,2.0,3.7
300,Mark Price\pricema01,1996,1996,1,7,127,18,60,10,30,10,10,1,7,18,6,0,10,7,56,.300,.333,1.000,18.1,8.0,1.0,2.6
301,Kevin Pritchard\pritcke01,1996,1996,1,2,22,2,3,1,1,2,3,0,2,7,2,0,0,3,7,.667,1.000,.667,11.0,3.5,1.0,3.5
302,Laron Profit\profila01,2000,2005,3,110,1258,133,329,18,71,53,80,44,166,151,59,20,92,113,337,.404,.254,.663,11.4,3.1,1.5,1.4
303,Bob Quick\quickbo01,1969,1970,2,43,221,44,101,,,39,62,,37,15,,,,23,127,.436,,.629,5.1,3.0,0.9,0.3
304,Peter John Ramos\ramospe01,2005,2005,1,6,20,5,10,0,0,1,2,1,4,0,0,1,3,4,11,.500,,.500,3.3,1.8,0.7,0.0
305,Don Reid\reiddo01,2000,2000,1,17,333,44,78,0,0,21,28,26,77,10,19,19,12,73,109,.564,,.750,19.6,6.4,4.5,0.6
306,Glen Rice\ricegl02,2014,2015,2,16,152,14,52,6,24,9,13,6,24,9,6,1,11,18,43,.269,.250,.692,9.5,2.7,1.5,0.6
307,Mitch Richmond\richmmi01,1999,2001,3,161,5525,983,2356,208,595,692,793,82,494,418,217,30,374,398,2866,.417,.350,.873,34.3,17.8,3.1,2.6
308,Rich Rinaldi\rinalri01,1972,1974,3,79,853,161,410,,,71,98,2,93,73,3,1,,72,393,.393,,.724,10.8,5.0,1.2,0.9
309,Mike Riordan\riordmi01,1972,1977,6,418,12463,2303,4802,,,579,743,261,1409,1154,231,35,,1052,5185,.480,,.779,29.8,12.4,3.4,2.8
310,Austin Rivers\riverau01,2019,2019,1,4,103,13,32,6,20,1,2,2,7,8,1,3,4,11,33,.406,.300,.500,25.8,8.3,1.8,2.0
311,Anthony Roberts\roberan01,1981,1981,1,26,350,54,144,0,0,19,29,18,68,20,11,0,28,52,127,.375,,.655,13.5,4.9,2.6,0.8
312,Cliff Robinson\robincl01,1985,1986,2,138,4433,1017,2151,2,7,427,566,321,1226,335,149,91,367,404,2463,.473,.286,.754,32.1,17.8,8.9,2.4
313,Devin Robinson\robinde01,2018,2018,1,1,13,1,3,0,0,0,0,2,5,0,1,0,0,2,2,.333,,,13.0,2.0,5.0,0.0
314,Flynn Robinson\robinfl01,1973,1973,1,38,583,119,260,,,26,31,,55,77,,,,60,264,.458,,.839,15.3,6.9,1.4,2.0
315,Larry Robinson\robinla01,1991,1993,2,16,288,44,107,0,2,10,17,15,31,27,8,1,12,26,98,.411,.000,.588,18.0,6.1,1.9,1.7
316,Truck Robinson\robintr01,1975,1977,3,199,4378,809,1724,,,399,618,352,1224,198,106,157,,494,2017,.469,,.646,22.0,10.1,6.2,1.0
317,Quinton Ross\rossqu01,2010,2010,1,25,261,17,55,1,8,3,6,6,22,5,6,2,8,35,38,.309,.125,.500,10.4,1.5,0.9,0.2
318,Doug Roth\rothdo01,1990,1990,1,42,412,37,86,0,1,7,14,44,120,20,8,13,16,70,81,.430,.000,.500,9.8,1.9,2.9,0.5
319,Dan Roundfield\roundda01,1986,1987,2,115,2990,412,880,1,11,330,434,274,812,206,47,67,236,271,1155,.468,.091,.760,26.0,10.0,7.1,1.8
320,Michael Ruffin\ruffimi01,2005,2007,3,185,2543,80,194,0,3,73,160,314,665,97,82,80,94,415,233,.412,.000,.456,13.7,1.3,3.6,0.5
321,Jeff Ruland\rulanje01,1982,1986,5,303,10708,2061,3657,3,19,1528,2127,1045,3285,985,240,259,1176,1144,5653,.564,.158,.718,35.3,18.7,10.8,3.3
322,Bryon Russell\russebr01,2003,2003,1,70,1388,108,306,46,140,53,69,43,208,72,70,7,55,130,315,.353,.329,.768,19.8,4.5,3.0,1.0
323,Ralph Sampson\sampsra01,1992,1992,1,10,108,9,29,0,2,4,6,11,30,4,3,8,10,14,22,.310,.000,.667,10.8,2.2,3.0,0.4
324,Tomas Satoransky\satorto01,2017,2019,3,134,2420,264,542,57,141,110,141,99,326,386,79,22,124,197,695,.487,.404,.780,18.1,5.2,2.4,2.9
325,Woody Sauldsberry\sauldwo01,1962,1963,2,103,1664,304,792,,,89,130,,367,66,,,,171,697,.384,,.685,30.8,6.8,6.8,1.2
326,DeWayne Scales\scalede01,1984,1984,1,2,13,3,5,0,0,0,2,0,3,0,1,0,2,1,6,.600,,.000,6.5,3.0,1.5,0.0
327,Mike Scott\scottmi01,2018,2018,1,76,1406,276,524,66,163,50,76,50,247,80,23,10,79,148,668,.527,.405,.658,18.5,8.8,3.3,1.1
328,Ray Scott\scottra01,1967,1970,4,263,7454,1339,3186,,,782,1037,,2646,490,,,,694,3460,.420,,.754,28.3,13.2,10.1,1.9
329,Kevin Seraphin\serapke01,2011,2015,5,326,5345,941,1915,0,3,215,302,430,1194,176,73,248,377,770,2097,.491,.000,.712,16.4,6.4,3.7,0.5
330,Ramon Sessions\sessira01,2015,2018,3,125,2438,367,807,55,158,315,410,40,298,375,69,6,165,145,1104,.455,.348,.768,19.5,8.8,2.4,3.0
331,Tom Sewell\sewelto01,1985,1985,1,21,87,9,36,0,2,2,4,2,4,6,3,1,7,13,20,.250,.000,.500,4.1,1.0,0.2,0.3
332,Mustafa Shakur\shakumu01,2011,2011,1,22,159,21,59,1,10,8,15,7,22,25,5,3,18,15,51,.356,.100,.533,7.2,2.3,1.0,1.1
333,God Shammgod\shammgo01,1998,1998,1,20,146,19,58,0,2,23,30,2,7,36,7,1,21,27,61,.328,.000,.767,7.3,3.1,0.4,1.8
334,Gene Shue\shuege01,1964,1964,1,47,963,81,276,,,36,61,,94,150,,,,98,198,.293,,.590,20.5,4.2,2.0,3.2
335,Bobby Simmons\simmobo01,2002,2003,2,66,721,87,207,4,19,54,65,58,129,37,23,8,22,82,232,.420,.211,.831,10.9,3.5,2.0,0.6
336,Chris Singleton\singlch01,2012,2014,3,148,2605,233,620,58,182,88,139,112,472,92,117,57,100,325,612,.376,.319,.633,17.6,4.1,3.2,0.6
337,James Singleton\singlja01,2010,2012,2,44,1028,114,265,4,24,61,71,116,302,37,26,44,47,109,293,.430,.167,.859,23.4,6.7,6.9,0.8
338,Scott Skiles\skilesc01,1995,1995,1,62,2077,265,583,96,228,179,202,26,159,452,70,6,172,135,805,.455,.421,.886,33.5,13.0,2.6,7.3
339,Jeff Slade\sladeje01,1963,1963,1,3,20,2,5,,,0,1,,7,0,,,,3,4,.400,,.000,6.7,1.3,2.3,0.0
340,Jerry Sloan\sloanje01,1966,1966,1,59,952,120,289,,,98,139,,230,110,,,,176,338,.415,,.705,16.1,5.7,3.9,1.9
341,Clinton Smith\smithcl01,1991,1991,1,5,45,2,4,0,0,3,6,2,4,4,1,0,1,3,7,.500,,.500,9.0,1.4,0.8,0.8
342,Jason Smith\smithja02,2017,2019,3,111,1408,225,460,41,111,59,78,89,331,54,25,69,77,222,550,.489,.369,.756,12.7,5.0,3.0,0.5
343,LaBradford Smith\smithla02,1992,1994,3,124,2302,369,834,10,44,169,203,61,195,290,105,11,167,284,917,.442,.227,.833,18.6,7.4,1.6,2.3
344,Michael Smith\smithmi02,2000,2001,2,125,2755,214,410,0,2,162,255,293,893,157,84,60,107,283,590,.522,.000,.635,22.0,4.7,7.1,1.3
345,Mike Smith\smithmi03,2001,2001,1,17,180,19,59,3,18,10,16,10,22,10,5,3,7,8,51,.322,.167,.625,10.6,3.0,1.3,0.6
346,Ricky Sobers\soberri01,1983,1984,2,122,4062,742,1649,52,166,375,449,86,281,595,178,31,369,436,1911,.450,.313,.835,33.3,15.7,2.3,4.9
347,Willie Somerset\somerwi01,1966,1966,1,8,98,18,43,,,9,11,,15,9,,,,21,45,.419,,.818,12.3,5.6,1.9,1.1
348,Darius Songaila\songada01,2007,2009,3,194,3775,575,1149,0,5,193,217,200,632,267,134,46,203,486,1343,.500,.000,.889,19.5,6.9,3.3,1.4
349,Jerry Stackhouse\stackje01,2003,2004,2,96,3521,619,1522,94,310,538,621,77,352,419,89,31,281,179,1870,.407,.303,.866,36.7,19.5,3.7,4.4
350,Dave Stallworth\stallda01,1972,1974,3,182,3490,558,1312,,,248,309,52,759,270,28,4,,386,1364,.425,,.803,19.2,7.5,4.2,1.5
351,Larry Staverman\stavela01,1963,1964,2,39,701,100,208,,,53,66,,171,45,,,,101,253,.481,,.803,18.0,6.5,4.4,1.2
352,DeShawn Stevenson\stevede01,2007,2010,4,236,6485,749,1867,278,787,359,498,110,592,612,162,41,277,359,2135,.401,.353,.721,27.5,9.0,2.5,2.6
353,Dennis Stewart\stewade01,1971,1971,1,2,6,1,4,,,2,2,,3,1,,,,0,4,.250,,1.000,3.0,2.0,1.5,0.5
354,Larry Stewart\stewala01,1992,1995,4,200,4433,653,1251,0,7,399,526,369,906,286,116,83,283,472,1705,.522,.000,.759,22.2,8.5,4.5,1.4
355,Awvee Storey\storeaw01,2006,2006,1,25,116,16,41,3,7,8,14,8,22,4,3,1,5,22,43,.390,.429,.571,4.6,1.7,0.9,0.2
356,Rod Strickland\stricro02,1997,2001,5,304,10857,1724,3931,42,204,1229,1677,361,1316,2712,482,66,948,641,4719,.439,.206,.733,35.7,15.5,4.3,8.9
357,Roger Strickland\stricro01,1964,1964,1,1,4,1,3,,,0,0,,0,0,,,,1,2,.333,,,4.0,2.0,0.0,0.0
358,Derek Strong\stronde01,1992,1992,1,1,12,0,4,0,0,3,4,1,5,1,0,0,1,1,3,.000,,.750,12.0,3.0,5.0,1.0
359,Donell Taylor\taylodo01,2006,2007,2,98,834,109,276,7,34,41,64,30,106,90,47,7,59,81,266,.395,.206,.641,8.5,2.7,1.1,0.9
360,Garrett Temple\templga01,2013,2016,4,258,4480,425,1074,154,455,182,253,110,493,383,196,55,201,437,1186,.396,.338,.719,17.4,4.6,1.9,1.5
361,Carlos Terry\terryca01,1981,1983,3,94,1078,122,281,0,11,41,61,75,227,124,54,27,82,162,285,.434,.000,.672,11.5,3.0,2.4,1.3
362,Billy Thomas\thomabi01,2006,2006,1,17,131,13,40,10,30,2,2,5,14,9,10,1,6,19,38,.325,.333,1.000,7.7,2.2,0.8,0.5
363,Etan Thomas\thomaet01,2002,2009,7,373,6681,849,1645,0,0,536,893,653,1840,146,123,407,362,839,2234,.516,,.600,17.9,6.0,4.9,0.4
364,Rod Thorn\thornro01,1964,1964,1,75,2594,411,1015,,,258,353,,360,281,,,,187,1080,.405,,.731,34.6,14.4,4.8,3.7
365,Al Thornton\thornal01,2010,2011,2,73,1743,254,543,10,42,131,179,77,258,80,48,22,80,165,649,.468,.238,.732,23.9,8.9,3.5,1.1
366,Bob Thornton\thornbo01,1996,1996,1,7,31,1,6,0,0,1,2,6,12,0,1,0,1,7,3,.167,,.500,4.4,0.4,1.7,0.0
367,Marcus Thornton\thornma01,2016,2017,2,47,799,126,317,46,134,39,48,29,111,60,32,4,36,65,337,.397,.343,.813,17.0,7.2,2.4,1.3
368,Otis Thorpe\thorpot01,1999,1999,1,49,1539,240,440,0,2,74,106,96,334,101,42,19,88,196,554,.545,.000,.698,31.4,11.3,6.8,2.1
369,John Tresvant\tresvjo01,1971,1973,3,187,3219,431,943,,,301,402,,838,192,,,,461,1163,.457,,.749,17.2,6.2,4.5,1.0
370,Al Tucker\tuckeal01,1970,1971,2,59,538,101,211,,,58,73,,126,14,,,,67,260,.479,,.795,9.1,4.4,2.1,0.2
371,Anthony Tucker\tuckean01,1995,1995,1,62,982,96,210,0,1,51,83,44,170,68,46,11,56,129,243,.457,.000,.614,15.8,3.9,2.7,1.1
372,Ronny Turiaf\turiaro01,2012,2012,1,4,58,3,3,0,0,0,0,1,12,5,6,3,6,7,6,1.000,,,14.5,1.5,3.0,1.3
373,Andre Turner\turnean01,1992,1992,1,70,871,111,261,1,16,61,77,17,90,177,57,2,84,59,284,.425,.063,.792,12.4,4.1,1.3,2.5
374,Jack Turner\turneja02,1962,1962,1,42,567,84,221,,,32,42,,85,44,,,,51,200,.380,,.762,13.5,4.8,2.0,1.0
375,Melvin Turpin\turpime01,1990,1990,1,59,818,110,209,0,2,56,71,88,221,27,15,47,45,135,276,.526,.000,.789,13.9,4.7,3.7,0.5
376,Charlie Tyra\tyrach01,1962,1962,1,78,1606,193,534,,,133,214,,610,86,,,,210,519,.361,,.621,20.6,6.7,7.8,1.1
377,Edwin Ubiles\ubileed01,2012,2012,1,4,52,5,18,1,5,3,3,2,10,1,1,1,1,1,14,.278,.200,1.000,13.0,3.5,2.5,0.3
378,Wes Unseld\unselwe01,1969,1981,13,984,35832,4369,8586,3,6,1883,2976,2085,13769,3822,628,367,579,2762,10624,.509,.500,.633,36.4,10.8,14.0,3.9
379,David Vanterpool\vanteda01,2001,2001,1,22,411,46,110,0,6,30,50,15,37,66,23,3,37,44,122,.418,.000,.600,18.7,5.5,1.7,3.0
380,Loy Vaught\vaughlo01,2001,2001,1,14,157,25,48,0,0,4,4,16,50,7,6,2,8,13,54,.521,,1.000,11.2,3.9,3.6,0.5
381,Jan Vesely\veselja01,2012,2014,3,141,2149,222,424,0,2,53,131,197,484,85,80,68,109,327,497,.524,.000,.405,15.2,3.5,3.4,0.6
382,Jay Vincent\vinceja01,1987,1987,1,51,1386,274,613,0,3,130,169,69,210,85,40,17,77,127,678,.447,.000,.769,27.2,13.3,4.1,1.7
383,Darrell Walker\walkeda01,1988,1991,4,283,8693,946,2203,2,45,455,644,491,1846,1707,434,96,580,739,2349,.429,.044,.707,30.7,8.3,6.5,6.0
384,Horace Walker\walkeho01,1962,1962,1,65,1331,149,439,,,140,193,,466,69,,,,194,438,.339,,.725,20.5,6.7,7.2,1.1
385,Kenny Walker\walkeke01,1994,1995,2,97,1663,150,316,0,3,108,153,137,336,40,31,64,59,198,408,.475,.000,.706,17.1,4.2,3.5,0.4
386,Phil Walker\walkeph01,1978,1978,1,40,384,57,161,,,64,96,21,52,54,14,5,62,39,178,.354,,.667,9.6,4.5,1.3,1.4
387,Samaki Walker\walkesa01,2005,2005,1,14,134,11,31,0,0,2,3,8,18,4,3,7,8,25,24,.355,,.667,9.6,1.7,1.3,0.3
388,John Wall\walljo01,2011,2019,9,545,19580,3723,8618,490,1511,2360,3007,318,2380,5033,933,373,2085,1229,10296,.432,.324,.785,35.9,18.9,4.4,9.2
389,Ben Wallace\wallabe01,1997,1999,3,147,2552,216,409,0,0,88,250,274,766,38,119,173,82,254,520,.528,,.352,17.4,3.5,5.2,0.3
390,Rasheed Wallace\wallara01,1996,1996,1,65,1788,275,565,27,82,78,120,93,303,85,42,54,103,206,655,.487,.329,.650,27.5,10.1,4.7,1.3
391,Ben Warley\warlebe01,1966,1967,2,118,1804,240,593,,,198,267,,540,76,,,,304,678,.405,,.742,15.3,5.7,4.6,0.6
392,Bryan Warrick\warribr01,1983,1984,2,75,981,92,237,1,8,50,73,20,91,169,30,11,91,140,235,.388,.125,.685,13.1,3.1,1.2,2.3
393,Stan Washington\washist01,1975,1975,1,1,4,0,1,,,0,0,0,0,0,0,0,,1,0,.000,,,4.0,0.0,0.0,0.0
394,Nick Weatherspoon\weathni01,1974,1977,4,222,3798,700,1579,,,300,422,361,1041,146,162,58,,582,1700,.443,,.711,17.1,7.7,4.7,0.7
395,Chris Webber\webbech01,1995,1998,4,212,8240,1865,3722,180,535,531,948,651,2049,935,343,355,631,764,4441,.501,.336,.560,38.9,20.9,9.7,4.4
396,Jeff Webster\webstje01,1996,1996,1,11,58,8,23,2,6,0,0,2,7,3,4,0,3,7,18,.348,.333,,5.3,1.6,0.6,0.3
397,Martell Webster\webstma02,2013,2015,3,186,4709,559,1314,295,744,321,387,101,562,257,97,33,170,340,1734,.425,.397,.829,25.3,9.3,3.0,1.4
398,Bob Weiss\weissbo01,1977,1977,1,62,768,62,133,,,29,37,15,69,130,53,7,,66,153,.466,,.784,12.4,2.5,1.1,2.1
399,Ralph Wells\wellsra01,1963,1963,1,3,48,1,7,,,0,7,,6,7,,,,6,2,.143,,.000,16.0,0.7,2.0,2.3
400,Walt Wesley\weslewa01,1974,1974,1,39,400,71,151,,,26,43,63,136,14,9,20,,74,168,.470,,.605,10.3,4.3,3.5,0.4
401,Roland West\westro01,1968,1968,1,4,14,2,5,,,0,0,,5,0,,,,3,4,.400,,,3.5,1.0,1.3,0.0
402,Ennis Whatley\whatlen01,1986,1987,2,77,1843,251,529,0,2,127,168,60,201,399,92,11,138,173,629,.474,.000,.756,23.9,8.2,2.6,5.2
403,Jahidi White\whiteja01,1999,2004,6,256,4917,623,1223,0,1,405,737,599,1649,55,92,293,321,680,1651,.509,.000,.550,19.2,6.4,6.4,0.2
404,Chris Whitney\whitnch01,1996,2004,8,463,8482,1064,2632,489,1315,652,742,85,706,1387,307,29,493,805,3269,.404,.372,.879,18.3,7.1,1.5,3.0
405,Mike Wilks\wilksmi01,2008,2008,1,4,44,2,4,1,2,0,0,1,6,3,3,0,1,2,5,.500,.500,,11.0,1.3,1.5,0.8
406,Aaron Williams\williaa01,2000,2000,1,81,1545,235,450,0,3,146,201,159,409,58,41,92,80,234,616,.522,.000,.726,19.1,7.6,5.0,0.7
407,Freeman Williams\willifr01,1986,1986,1,9,110,25,67,7,14,12,17,4,12,7,7,1,13,10,69,.373,.500,.706,12.2,7.7,1.3,0.8
408,Gus Williams\willigu01,1985,1986,2,156,5244,1072,2496,81,292,389,534,124,361,1061,274,47,373,272,2614,.429,.277,.728,33.6,16.8,2.3,6.8
409,Guy Williams\willigu02,1985,1985,1,21,119,29,63,1,4,2,5,15,27,9,5,2,8,17,61,.460,.250,.400,5.7,2.9,1.3,0.4
410,John Williams\willijo02,1987,1991,5,293,8187,1442,3141,44,204,695,950,484,1696,996,448,149,535,699,3623,.459,.216,.732,27.9,12.4,5.8,3.4
411,Lorenzo Williams\willilo01,1997,2000,3,41,451,40,57,0,0,5,9,56,120,8,11,17,23,79,85,.702,,.556,11.0,2.1,2.9,0.2
412,John Williamson\willijo01,1980,1981,2,39,715,171,412,4,22,45,56,14,52,56,14,11,61,79,391,.415,.182,.804,18.3,10.0,1.3,1.4
413,Michael Wilson\wilsomi01,1984,1984,1,6,26,0,2,0,1,1,2,1,1,3,0,0,3,5,1,.000,.000,.500,4.3,0.2,0.2,0.5
414,David Wingate\wingada01,1992,1992,1,81,2127,266,572,1,18,105,146,80,269,247,123,21,124,162,638,.465,.056,.719,26.3,7.9,3.3,3.0
415,Garry Witts\wittsga01,1982,1982,1,46,493,49,84,1,2,33,40,29,62,38,17,4,35,74,132,.583,.500,.825,10.7,2.9,1.3,0.8
416,Leon Wood\woodle01,1986,1986,1,39,743,127,330,28,85,96,121,16,63,107,20,0,67,46,378,.385,.329,.793,19.1,9.7,1.6,2.7
417,Haywoode Workman\workmha01,1991,1991,1,73,2034,234,515,12,50,101,133,51,242,353,87,7,135,162,581,.454,.240,.759,27.9,8.0,3.3,4.8
418,Tom Workman\workmto01,1968,1969,2,22,96,22,56,,,10,16,,28,2,,,,19,54,.393,,.625,4.4,2.5,1.3,0.1
419,Larry Wright\wrighla01,1977,1980,4,297,5831,1050,2254,4,16,385,498,151,462,1012,241,51,361,675,2489,.466,.250,.773,19.6,8.4,1.6,3.4
420,Nick Young\youngni01,2008,2012,5,335,7661,1431,3318,343,902,667,805,120,638,327,177,63,391,651,3872,.431,.380,.829,22.9,11.6,1.9,1.0
421,Gary Zeller\zellega01,1971,1972,2,78,697,117,344,,,37,63,,92,37,,,,105,271,.340,,.587,8.9,3.5,1.2,0.5